IndicatorType,IndicatorValue,Source,CollectedUTC
IPv4,1.82.184.200,AlienVault OTX,2026-01-18T15:46:13.821473+00:00
IPv4,101.55.120.153,AlienVault OTX,2026-01-18T15:46:13.821473+00:00
IPv4,101.55.120.165,AlienVault OTX,2026-01-18T15:46:13.821473+00:00
IPv4,101.55.121.47,AlienVault OTX,2026-01-18T15:46:13.821473+00:00
IPv4,101.99.68.18,AlienVault OTX,2026-01-18T15:46:13.821473+00:00
IPv4,101.99.68.22,AlienVault OTX,2026-01-18T15:46:13.821473+00:00
IPv4,103.17.118.124,AlienVault OTX,2026-01-18T15:46:13.821473+00:00
IPv4,103.20.193.62,AlienVault OTX,2026-01-18T15:46:13.821473+00:00
IPv4,103.224.81.131,AlienVault OTX,2026-01-18T15:46:13.821473+00:00
IPv4,103.226.127.47,AlienVault OTX,2026-01-18T15:46:13.821473+00:00
IPv4,103.226.132.7,AlienVault OTX,2026-01-18T15:46:13.821473+00:00
IPv4,103.229.127.104,AlienVault OTX,2026-01-18T15:46:13.821473+00:00
IPv4,103.230.109.222,AlienVault OTX,2026-01-18T15:46:13.821473+00:00
IPv4,103.24.0.142,AlienVault OTX,2026-01-18T15:46:13.821473+00:00
IPv4,103.24.1.54,AlienVault OTX,2026-01-18T15:46:13.821473+00:00
IPv4,103.240.140.152,AlienVault OTX,2026-01-18T15:46:13.821473+00:00
IPv4,103.240.141.50,AlienVault OTX,2026-01-18T15:46:13.821473+00:00
IPv4,103.240.141.54,AlienVault OTX,2026-01-18T15:46:13.821473+00:00
IPv4,103.244.91.16,AlienVault OTX,2026-01-18T15:46:13.821473+00:00
IPv4,103.246.245.146,AlienVault OTX,2026-01-18T15:46:13.821473+00:00
IPv4,103.249.28.5,AlienVault OTX,2026-01-18T15:46:13.821473+00:00
IPv4,103.249.28.6,AlienVault OTX,2026-01-18T15:46:13.821473+00:00
IPv4,103.25.9.228,AlienVault OTX,2026-01-18T15:46:13.821473+00:00
IPv4,103.25.9.229,AlienVault OTX,2026-01-18T15:46:13.821473+00:00
IPv4,103.250.72.39,AlienVault OTX,2026-01-18T15:46:13.821473+00:00
IPv4,103.252.19.13,AlienVault OTX,2026-01-18T15:46:13.821473+00:00
IPv4,103.254.16.168,AlienVault OTX,2026-01-18T15:46:13.821473+00:00
IPv4,103.255.61.227,AlienVault OTX,2026-01-18T15:46:13.821473+00:00
IPv4,103.28.46.96,AlienVault OTX,2026-01-18T15:46:13.821473+00:00
IPv4,103.3.77.219,AlienVault OTX,2026-01-18T15:46:13.821473+00:00
IPv4,104.128.233.4,AlienVault OTX,2026-01-18T15:46:13.821473+00:00
IPv4,104.143.5.25,AlienVault OTX,2026-01-18T15:46:13.821473+00:00
IPv4,104.151.10.100,AlienVault OTX,2026-01-18T15:46:13.821473+00:00
IPv4,104.151.248.173,AlienVault OTX,2026-01-18T15:46:13.821473+00:00
IPv4,104.156.239.105,AlienVault OTX,2026-01-18T15:46:13.821473+00:00
IPv4,104.199.135.124,AlienVault OTX,2026-01-18T15:46:13.821473+00:00
IPv4,104.232.32.61,AlienVault OTX,2026-01-18T15:46:13.821473+00:00
IPv4,104.232.32.62,AlienVault OTX,2026-01-18T15:46:13.821473+00:00
IPv4,106.187.45.162,AlienVault OTX,2026-01-18T15:46:13.821473+00:00
IPv4,107.160.82.189,AlienVault OTX,2026-01-18T15:46:13.821473+00:00
IPv4,107.168.129.29,AlienVault OTX,2026-01-18T15:46:13.821473+00:00
IPv4,107.183.149.75,AlienVault OTX,2026-01-18T15:46:13.821473+00:00
IPv4,107.191.47.42,AlienVault OTX,2026-01-18T15:46:13.821473+00:00
IPv4,107.20.255.57,AlienVault OTX,2026-01-18T15:46:13.821473+00:00
IPv4,107.6.154.230,AlienVault OTX,2026-01-18T15:46:13.821473+00:00
IPv4,107.6.172.51,AlienVault OTX,2026-01-18T15:46:13.821473+00:00
IPv4,107.6.172.52,AlienVault OTX,2026-01-18T15:46:13.821473+00:00
IPv4,107.6.172.53,AlienVault OTX,2026-01-18T15:46:13.821473+00:00
IPv4,107.6.172.54,AlienVault OTX,2026-01-18T15:46:13.821473+00:00
IPv4,107.6.172.55,AlienVault OTX,2026-01-18T15:46:13.821473+00:00
IPv4,107.6.181.100,AlienVault OTX,2026-01-18T15:46:13.821473+00:00
IPv4,107.6.181.114,AlienVault OTX,2026-01-18T15:46:13.821473+00:00
IPv4,107.6.181.116,AlienVault OTX,2026-01-18T15:46:13.821473+00:00
IPv4,108.171.252.148,AlienVault OTX,2026-01-18T15:46:13.821473+00:00
IPv4,108.175.152.230,AlienVault OTX,2026-01-18T15:46:13.821473+00:00
IPv4,108.175.153.158,AlienVault OTX,2026-01-18T15:46:13.821473+00:00
IPv4,108.179.245.41,AlienVault OTX,2026-01-18T15:46:13.821473+00:00
IPv4,108.61.117.9,AlienVault OTX,2026-01-18T15:46:13.821473+00:00
IPv4,108.61.197.254,AlienVault OTX,2026-01-18T15:46:13.821473+00:00
IPv4,109.169.22.69,AlienVault OTX,2026-01-18T15:46:13.821473+00:00
IPv4,109.169.22.71,AlienVault OTX,2026-01-18T15:46:13.821473+00:00
IPv4,109.169.61.8,AlienVault OTX,2026-01-18T15:46:13.821473+00:00
IPv4,109.228.17.152,AlienVault OTX,2026-01-18T15:46:13.821473+00:00
IPv4,109.228.17.155,AlienVault OTX,2026-01-18T15:46:13.821473+00:00
IPv4,109.228.17.158,AlienVault OTX,2026-01-18T15:46:13.821473+00:00
IPv4,110.34.168.188,AlienVault OTX,2026-01-18T15:46:13.821473+00:00
IPv4,110.45.151.43,AlienVault OTX,2026-01-18T15:46:13.821473+00:00
IPv4,111.74.229.77,AlienVault OTX,2026-01-18T15:46:13.821473+00:00
IPv4,111.74.239.77,AlienVault OTX,2026-01-18T15:46:13.821473+00:00
IPv4,111.92.188.20,AlienVault OTX,2026-01-18T15:46:13.821473+00:00
IPv4,112.117.9.222,AlienVault OTX,2026-01-18T15:46:13.821473+00:00
IPv4,112.126.69.51,AlienVault OTX,2026-01-18T15:46:13.821473+00:00
IPv4,112.167.143.179,AlienVault OTX,2026-01-18T15:46:13.821473+00:00
IPv4,112.209.76.184,AlienVault OTX,2026-01-18T15:46:13.821473+00:00
IPv4,112.253.28.218,AlienVault OTX,2026-01-18T15:46:13.821473+00:00
IPv4,112.67.10.110,AlienVault OTX,2026-01-18T15:46:13.821473+00:00
IPv4,112.78.3.142,AlienVault OTX,2026-01-18T15:46:13.821473+00:00
IPv4,113.10.136.18,AlienVault OTX,2026-01-18T15:46:13.821473+00:00
IPv4,113.10.149.142,AlienVault OTX,2026-01-18T15:46:13.821473+00:00
IPv4,113.10.174.167,AlienVault OTX,2026-01-18T15:46:13.821473+00:00
IPv4,113.10.183.104,AlienVault OTX,2026-01-18T15:46:13.821473+00:00
IPv4,113.10.221.89,AlienVault OTX,2026-01-18T15:46:13.821473+00:00
IPv4,113.10.222.157,AlienVault OTX,2026-01-18T15:46:13.821473+00:00
IPv4,113.142.37.149,AlienVault OTX,2026-01-18T15:46:13.821473+00:00
IPv4,113.142.37.246,AlienVault OTX,2026-01-18T15:46:13.821473+00:00
IPv4,113.65.22.148,AlienVault OTX,2026-01-18T15:46:13.821473+00:00
IPv4,113.65.41.28,AlienVault OTX,2026-01-18T15:46:13.821473+00:00
IPv4,113.65.43.42,AlienVault OTX,2026-01-18T15:46:13.821473+00:00
IPv4,113.68.108.62,AlienVault OTX,2026-01-18T15:46:13.821473+00:00
IPv4,113.68.110.239,AlienVault OTX,2026-01-18T15:46:13.821473+00:00
IPv4,113.68.111.111,AlienVault OTX,2026-01-18T15:46:13.821473+00:00
IPv4,113.68.168.73,AlienVault OTX,2026-01-18T15:46:13.821473+00:00
IPv4,113.68.171.67,AlienVault OTX,2026-01-18T15:46:13.821473+00:00
IPv4,114.215.115.152,AlienVault OTX,2026-01-18T15:46:13.821473+00:00
IPv4,114.88.206.132,AlienVault OTX,2026-01-18T15:46:13.821473+00:00
IPv4,115.144.107.134,AlienVault OTX,2026-01-18T15:46:13.821473+00:00
IPv4,115.144.107.22,AlienVault OTX,2026-01-18T15:46:13.821473+00:00
IPv4,115.144.107.46,AlienVault OTX,2026-01-18T15:46:13.821473+00:00
IPv4,115.144.107.52,AlienVault OTX,2026-01-18T15:46:13.821473+00:00
IPv4,115.144.107.53,AlienVault OTX,2026-01-18T15:46:13.821473+00:00
IPv4,115.144.107.55,AlienVault OTX,2026-01-18T15:46:13.821473+00:00
IPv4,115.144.166.209,AlienVault OTX,2026-01-18T15:46:13.821473+00:00
IPv4,115.221.42.158,AlienVault OTX,2026-01-18T15:46:13.821473+00:00
IPv4,115.23.172.151,AlienVault OTX,2026-01-18T15:46:13.821473+00:00
IPv4,115.47.35.117,AlienVault OTX,2026-01-18T15:46:13.821473+00:00
IPv4,115.68.23.192,AlienVault OTX,2026-01-18T15:46:13.821473+00:00
IPv4,116.255.179.202,AlienVault OTX,2026-01-18T15:46:13.821473+00:00
IPv4,116.255.179.218,AlienVault OTX,2026-01-18T15:46:13.821473+00:00
IPv4,116.255.202.74,AlienVault OTX,2026-01-18T15:46:13.821473+00:00
IPv4,117.135.134.185,AlienVault OTX,2026-01-18T15:46:13.821473+00:00
IPv4,117.135.135.128,AlienVault OTX,2026-01-18T15:46:13.821473+00:00
IPv4,117.21.174.174,AlienVault OTX,2026-01-18T15:46:13.821473+00:00
IPv4,117.21.176.64,AlienVault OTX,2026-01-18T15:46:13.821473+00:00
IPv4,117.21.191.47,AlienVault OTX,2026-01-18T15:46:13.821473+00:00
IPv4,117.41.184.9,AlienVault OTX,2026-01-18T15:46:13.821473+00:00
IPv4,118.163.216.107,AlienVault OTX,2026-01-18T15:46:13.821473+00:00
IPv4,118.193.153.221,AlienVault OTX,2026-01-18T15:46:13.821473+00:00
IPv4,118.193.153.227,AlienVault OTX,2026-01-18T15:46:13.821473+00:00
IPv4,118.193.212.61,AlienVault OTX,2026-01-18T15:46:13.821473+00:00
IPv4,119.1.109.44,AlienVault OTX,2026-01-18T15:46:13.821473+00:00
IPv4,119.205.158.70,AlienVault OTX,2026-01-18T15:46:13.821473+00:00
IPv4,119.29.55.190,AlienVault OTX,2026-01-18T15:46:13.821473+00:00
IPv4,119.59.105.221,AlienVault OTX,2026-01-18T15:46:13.821473+00:00
IPv4,120.24.228.240,AlienVault OTX,2026-01-18T15:46:13.821473+00:00
IPv4,120.24.57.79,AlienVault OTX,2026-01-18T15:46:13.821473+00:00
IPv4,120.27.46.24,AlienVault OTX,2026-01-18T15:46:13.821473+00:00
IPv4,120.50.47.28,AlienVault OTX,2026-01-18T15:46:13.821473+00:00
IPv4,121.101.73.231,AlienVault OTX,2026-01-18T15:46:13.821473+00:00
IPv4,121.11.83.7,AlienVault OTX,2026-01-18T15:46:13.821473+00:00
IPv4,121.12.173.173,AlienVault OTX,2026-01-18T15:46:13.821473+00:00
IPv4,121.14.212.184,AlienVault OTX,2026-01-18T15:46:13.821473+00:00
IPv4,121.14.212.248,AlienVault OTX,2026-01-18T15:46:13.821473+00:00
IPv4,121.193.130.170,AlienVault OTX,2026-01-18T15:46:13.821473+00:00
IPv4,121.42.221.14,AlienVault OTX,2026-01-18T15:46:13.821473+00:00
IPv4,121.42.51.23,AlienVault OTX,2026-01-18T15:46:13.821473+00:00
IPv4,121.43.225.54,AlienVault OTX,2026-01-18T15:46:13.821473+00:00
IPv4,121.50.43.175,AlienVault OTX,2026-01-18T15:46:13.821473+00:00
IPv4,121.61.118.140,AlienVault OTX,2026-01-18T15:46:13.821473+00:00
IPv4,121.79.133.179,AlienVault OTX,2026-01-18T15:46:13.821473+00:00
IPv4,122.10.10.161,AlienVault OTX,2026-01-18T15:46:13.821473+00:00
IPv4,122.10.117.152,AlienVault OTX,2026-01-18T15:46:13.821473+00:00
IPv4,122.10.117.35,AlienVault OTX,2026-01-18T15:46:13.821473+00:00
IPv4,122.10.117.5,AlienVault OTX,2026-01-18T15:46:13.821473+00:00
IPv4,122.10.26.24,AlienVault OTX,2026-01-18T15:46:13.821473+00:00
IPv4,122.10.62.137,AlienVault OTX,2026-01-18T15:46:13.821473+00:00
IPv4,122.10.89.84,AlienVault OTX,2026-01-18T15:46:13.821473+00:00
IPv4,122.10.89.85,AlienVault OTX,2026-01-18T15:46:13.821473+00:00
IPv4,122.10.9.155,AlienVault OTX,2026-01-18T15:46:13.821473+00:00
IPv4,122.10.9.73,AlienVault OTX,2026-01-18T15:46:13.821473+00:00
IPv4,122.155.167.122,AlienVault OTX,2026-01-18T15:46:13.821473+00:00
IPv4,122.224.48.28,AlienVault OTX,2026-01-18T15:46:13.821473+00:00
IPv4,122.225.108.52,AlienVault OTX,2026-01-18T15:46:13.821473+00:00
IPv4,122.228.193.115,AlienVault OTX,2026-01-18T15:46:13.821473+00:00
IPv4,122.9.247.4,AlienVault OTX,2026-01-18T15:46:13.821473+00:00
IPv4,123.131.52.13,AlienVault OTX,2026-01-18T15:46:13.821473+00:00
IPv4,125.140.30.31,AlienVault OTX,2026-01-18T15:46:13.821473+00:00
IPv4,128.199.73.152,AlienVault OTX,2026-01-18T15:46:13.821473+00:00
IPv4,128.204.197.32,AlienVault OTX,2026-01-18T15:46:13.821473+00:00
IPv4,128.90.15.98,AlienVault OTX,2026-01-18T15:46:13.821473+00:00
IPv4,128.91.34.175,AlienVault OTX,2026-01-18T15:46:13.821473+00:00
IPv4,128.91.34.188,AlienVault OTX,2026-01-18T15:46:13.821473+00:00
IPv4,129.194.101.164,AlienVault OTX,2026-01-18T15:46:13.821473+00:00
IPv4,129.194.42.4,AlienVault OTX,2026-01-18T15:46:13.821473+00:00
IPv4,129.194.97.21,AlienVault OTX,2026-01-18T15:46:13.821473+00:00
IPv4,129.231.45.171,AlienVault OTX,2026-01-18T15:46:13.821473+00:00
IPv4,130.184.156.62,AlienVault OTX,2026-01-18T15:46:13.821473+00:00
IPv4,131.72.136.11,AlienVault OTX,2026-01-18T15:46:13.821473+00:00
IPv4,131.72.136.124,AlienVault OTX,2026-01-18T15:46:13.821473+00:00
IPv4,131.72.136.171,AlienVault OTX,2026-01-18T15:46:13.821473+00:00
IPv4,131.72.138.18,AlienVault OTX,2026-01-18T15:46:13.821473+00:00
IPv4,136.243.237.218,AlienVault OTX,2026-01-18T15:46:13.821473+00:00
IPv4,137.175.4.132,AlienVault OTX,2026-01-18T15:46:13.821473+00:00
IPv4,141.105.65.57,AlienVault OTX,2026-01-18T15:46:13.821473+00:00
IPv4,141.105.66.60,AlienVault OTX,2026-01-18T15:46:13.821473+00:00
IPv4,141.105.68.8,AlienVault OTX,2026-01-18T15:46:13.821473+00:00
IPv4,141.138.157.240,AlienVault OTX,2026-01-18T15:46:13.821473+00:00
IPv4,141.255.167.28,AlienVault OTX,2026-01-18T15:46:13.821473+00:00
IPv4,141.60.162.150,AlienVault OTX,2026-01-18T15:46:13.821473+00:00
IPv4,142.0.137.66,AlienVault OTX,2026-01-18T15:46:13.821473+00:00
IPv4,142.0.137.67,AlienVault OTX,2026-01-18T15:46:13.821473+00:00
IPv4,142.0.137.68,AlienVault OTX,2026-01-18T15:46:13.821473+00:00
IPv4,142.91.252.130,AlienVault OTX,2026-01-18T15:46:13.821473+00:00
IPv4,142.91.76.134,AlienVault OTX,2026-01-18T15:46:13.821473+00:00
IPv4,143.107.17.183,AlienVault OTX,2026-01-18T15:46:13.821473+00:00
IPv4,144.76.120.243,AlienVault OTX,2026-01-18T15:46:13.821473+00:00
IPv4,144.76.215.219,AlienVault OTX,2026-01-18T15:46:13.821473+00:00
IPv4,146.0.74.7,AlienVault OTX,2026-01-18T15:46:13.821473+00:00
IPv4,146.120.110.104,AlienVault OTX,2026-01-18T15:46:13.821473+00:00
IPv4,146.185.220.200,AlienVault OTX,2026-01-18T15:46:13.821473+00:00
IPv4,146.185.220.97,AlienVault OTX,2026-01-18T15:46:13.821473+00:00
IPv4,146.185.221.31,AlienVault OTX,2026-01-18T15:46:13.821473+00:00
IPv4,146.185.239.3,AlienVault OTX,2026-01-18T15:46:13.821473+00:00
IPv4,146.185.99.250,AlienVault OTX,2026-01-18T15:46:13.821473+00:00
IPv4,146.71.100.211,AlienVault OTX,2026-01-18T15:46:13.821473+00:00
IPv4,146.71.110.19,AlienVault OTX,2026-01-18T15:46:13.821473+00:00
IPv4,148.251.154.104,AlienVault OTX,2026-01-18T15:46:13.821473+00:00
IPv4,148.251.33.219,AlienVault OTX,2026-01-18T15:46:13.821473+00:00
IPv4,148.251.71.75,AlienVault OTX,2026-01-18T15:46:13.821473+00:00
IPv4,148.251.82.21,AlienVault OTX,2026-01-18T15:46:13.821473+00:00
IPv4,149.12.71.2,AlienVault OTX,2026-01-18T15:46:13.821473+00:00
IPv4,150.217.99.157,AlienVault OTX,2026-01-18T15:46:13.821473+00:00
IPv4,151.236.11.167,AlienVault OTX,2026-01-18T15:46:13.821473+00:00
IPv4,151.97.243.220,AlienVault OTX,2026-01-18T15:46:13.821473+00:00
IPv4,151.97.243.221,AlienVault OTX,2026-01-18T15:46:13.821473+00:00
IPv4,154.70.153.87,AlienVault OTX,2026-01-18T15:46:13.821473+00:00
IPv4,155.133.18.44,AlienVault OTX,2026-01-18T15:46:13.821473+00:00
IPv4,155.133.18.45,AlienVault OTX,2026-01-18T15:46:13.821473+00:00
IPv4,155.94.213.66,AlienVault OTX,2026-01-18T15:46:13.821473+00:00
IPv4,157.7.64.122,AlienVault OTX,2026-01-18T15:46:13.821473+00:00
IPv4,158.255.1.241,AlienVault OTX,2026-01-18T15:46:13.821473+00:00
IPv4,159.253.144.209,AlienVault OTX,2026-01-18T15:46:13.821473+00:00
IPv4,159.253.20.116,AlienVault OTX,2026-01-18T15:46:13.821473+00:00
IPv4,162.211.181.107,AlienVault OTX,2026-01-18T15:46:13.821473+00:00
IPv4,162.211.181.26,AlienVault OTX,2026-01-18T15:46:13.821473+00:00
IPv4,162.213.250.124,AlienVault OTX,2026-01-18T15:46:13.821473+00:00
IPv4,162.218.112.7,AlienVault OTX,2026-01-18T15:46:13.821473+00:00
IPv4,162.220.246.117,AlienVault OTX,2026-01-18T15:46:13.821473+00:00
IPv4,162.221.183.109,AlienVault OTX,2026-01-18T15:46:13.821473+00:00
IPv4,162.221.183.11,AlienVault OTX,2026-01-18T15:46:13.821473+00:00
IPv4,162.222.194.51,AlienVault OTX,2026-01-18T15:46:13.821473+00:00
IPv4,162.223.90.148,AlienVault OTX,2026-01-18T15:46:13.821473+00:00
IPv4,162.223.91.226,AlienVault OTX,2026-01-18T15:46:13.821473+00:00
IPv4,162.244.32.164,AlienVault OTX,2026-01-18T15:46:13.821473+00:00
IPv4,162.247.15.60,AlienVault OTX,2026-01-18T15:46:13.821473+00:00
IPv4,162.248.167.184,AlienVault OTX,2026-01-18T15:46:13.821473+00:00
IPv4,166.78.103.85,AlienVault OTX,2026-01-18T15:46:13.821473+00:00
IPv4,166.78.145.146,AlienVault OTX,2026-01-18T15:46:13.821473+00:00
IPv4,167.114.62.213,AlienVault OTX,2026-01-18T15:46:13.821473+00:00
IPv4,167.160.36.14,AlienVault OTX,2026-01-18T15:46:13.821473+00:00
IPv4,167.88.9.75,AlienVault OTX,2026-01-18T15:46:13.821473+00:00
IPv4,172.245.30.30,AlienVault OTX,2026-01-18T15:46:13.821473+00:00
IPv4,172.246.109.27,AlienVault OTX,2026-01-18T15:46:13.821473+00:00
IPv4,173.192.144.68,AlienVault OTX,2026-01-18T15:46:13.821473+00:00
IPv4,173.192.221.51,AlienVault OTX,2026-01-18T15:46:13.821473+00:00
IPv4,173.201.45.158,AlienVault OTX,2026-01-18T15:46:13.821473+00:00
IPv4,173.225.115.18,AlienVault OTX,2026-01-18T15:46:13.821473+00:00
IPv4,173.231.49.98,AlienVault OTX,2026-01-18T15:46:13.821473+00:00
IPv4,173.237.187.203,AlienVault OTX,2026-01-18T15:46:13.821473+00:00
IPv4,173.252.220.169,AlienVault OTX,2026-01-18T15:46:13.821473+00:00
IPv4,173.254.223.115,AlienVault OTX,2026-01-18T15:46:13.821473+00:00
IPv4,173.254.223.24,AlienVault OTX,2026-01-18T15:46:13.821473+00:00
IPv4,173.254.236.130,AlienVault OTX,2026-01-18T15:46:13.821473+00:00
IPv4,173.255.241.19,AlienVault OTX,2026-01-18T15:46:13.821473+00:00
IPv4,174.121.122.73,AlienVault OTX,2026-01-18T15:46:13.821473+00:00
IPv4,174.127.103.45,AlienVault OTX,2026-01-18T15:46:13.821473+00:00
IPv4,174.128.244.58,AlienVault OTX,2026-01-18T15:46:13.821473+00:00
IPv4,174.143.147.168,AlienVault OTX,2026-01-18T15:46:13.821473+00:00
IPv4,174.36.195.158,AlienVault OTX,2026-01-18T15:46:13.821473+00:00
IPv4,174.36.217.82,AlienVault OTX,2026-01-18T15:46:13.821473+00:00
IPv4,175.126.104.175,AlienVault OTX,2026-01-18T15:46:13.821473+00:00
IPv4,175.45.233.205,AlienVault OTX,2026-01-18T15:46:13.821473+00:00
IPv4,176.103.144.48,AlienVault OTX,2026-01-18T15:46:13.821473+00:00
IPv4,176.114.0.58,AlienVault OTX,2026-01-18T15:46:13.821473+00:00
IPv4,176.119.3.244,AlienVault OTX,2026-01-18T15:46:13.821473+00:00
IPv4,176.123.6.132,AlienVault OTX,2026-01-18T15:46:13.821473+00:00
IPv4,176.123.6.133,AlienVault OTX,2026-01-18T15:46:13.821473+00:00
IPv4,176.31.157.62,AlienVault OTX,2026-01-18T15:46:13.821473+00:00
IPv4,176.31.28.244,AlienVault OTX,2026-01-18T15:46:13.821473+00:00
IPv4,176.99.11.154,AlienVault OTX,2026-01-18T15:46:13.821473+00:00
IPv4,178.132.206.57,AlienVault OTX,2026-01-18T15:46:13.821473+00:00
IPv4,178.162.193.151,AlienVault OTX,2026-01-18T15:46:13.821473+00:00
IPv4,178.162.193.207,AlienVault OTX,2026-01-18T15:46:13.821473+00:00
IPv4,178.162.197.9,AlienVault OTX,2026-01-18T15:46:13.821473+00:00
IPv4,178.175.138.253,AlienVault OTX,2026-01-18T15:46:13.821473+00:00
IPv4,178.18.18.30,AlienVault OTX,2026-01-18T15:46:13.821473+00:00
IPv4,178.207.18.188,AlienVault OTX,2026-01-18T15:46:13.821473+00:00
IPv4,178.209.50.245,AlienVault OTX,2026-01-18T15:46:13.821473+00:00
IPv4,178.21.117.34,AlienVault OTX,2026-01-18T15:46:13.821473+00:00
IPv4,178.239.60.96,AlienVault OTX,2026-01-18T15:46:13.821473+00:00
IPv4,178.32.130.49,AlienVault OTX,2026-01-18T15:46:13.821473+00:00
IPv4,178.32.130.53,AlienVault OTX,2026-01-18T15:46:13.821473+00:00
IPv4,178.32.131.185,AlienVault OTX,2026-01-18T15:46:13.821473+00:00
IPv4,178.32.131.248,AlienVault OTX,2026-01-18T15:46:13.821473+00:00
IPv4,178.32.184.7,AlienVault OTX,2026-01-18T15:46:13.821473+00:00
IPv4,178.62.184.149,AlienVault OTX,2026-01-18T15:46:13.821473+00:00
IPv4,178.62.20.110,AlienVault OTX,2026-01-18T15:46:13.821473+00:00
IPv4,178.62.208.238,AlienVault OTX,2026-01-18T15:46:13.821473+00:00
IPv4,178.62.3.250,AlienVault OTX,2026-01-18T15:46:13.821473+00:00
IPv4,178.63.9.48,AlienVault OTX,2026-01-18T15:46:13.821473+00:00
IPv4,178.73.223.9,AlienVault OTX,2026-01-18T15:46:13.821473+00:00
IPv4,178.79.181.246,AlienVault OTX,2026-01-18T15:46:13.821473+00:00
IPv4,178.89.191.146,AlienVault OTX,2026-01-18T15:46:13.821473+00:00
IPv4,178.89.191.167,AlienVault OTX,2026-01-18T15:46:13.821473+00:00
IPv4,180.149.252.136,AlienVault OTX,2026-01-18T15:46:13.821473+00:00
IPv4,180.149.252.137,AlienVault OTX,2026-01-18T15:46:13.821473+00:00
IPv4,180.150.226.27,AlienVault OTX,2026-01-18T15:46:13.821473+00:00
IPv4,180.210.206.246,AlienVault OTX,2026-01-18T15:46:13.821473+00:00
IPv4,180.210.207.133,AlienVault OTX,2026-01-18T15:46:13.821473+00:00
IPv4,180.225.203.220,AlienVault OTX,2026-01-18T15:46:13.821473+00:00
IPv4,180.97.68.244,AlienVault OTX,2026-01-18T15:46:13.821473+00:00
IPv4,181.112.55.130,AlienVault OTX,2026-01-18T15:46:13.821473+00:00
IPv4,181.189.152.131,AlienVault OTX,2026-01-18T15:46:13.821473+00:00
IPv4,182.239.48.126,AlienVault OTX,2026-01-18T15:46:13.821473+00:00
IPv4,182.239.48.127,AlienVault OTX,2026-01-18T15:46:13.821473+00:00
IPv4,182.253.220.29,AlienVault OTX,2026-01-18T15:46:13.821473+00:00
IPv4,183.60.202.16,AlienVault OTX,2026-01-18T15:46:13.821473+00:00
IPv4,183.61.171.225,AlienVault OTX,2026-01-18T15:46:13.821473+00:00
IPv4,183.78.169.5,AlienVault OTX,2026-01-18T15:46:13.821473+00:00
IPv4,184.107.97.188,AlienVault OTX,2026-01-18T15:46:13.821473+00:00
IPv4,184.164.70.96,AlienVault OTX,2026-01-18T15:46:13.821473+00:00
IPv4,184.172.139.9,AlienVault OTX,2026-01-18T15:46:13.821473+00:00
IPv4,184.22.44.209,AlienVault OTX,2026-01-18T15:46:13.821473+00:00
IPv4,184.82.158.18,AlienVault OTX,2026-01-18T15:46:13.821473+00:00
IPv4,184.82.181.48,AlienVault OTX,2026-01-18T15:46:13.821473+00:00
IPv4,185.10.56.59,AlienVault OTX,2026-01-18T15:46:13.821473+00:00
IPv4,185.10.57.145,AlienVault OTX,2026-01-18T15:46:13.821473+00:00
IPv4,185.10.58.175,AlienVault OTX,2026-01-18T15:46:13.821473+00:00
IPv4,185.10.58.181,AlienVault OTX,2026-01-18T15:46:13.821473+00:00
IPv4,185.117.73.116,AlienVault OTX,2026-01-18T15:46:13.821473+00:00
IPv4,185.13.32.132,AlienVault OTX,2026-01-18T15:46:13.821473+00:00
IPv4,185.13.32.48,AlienVault OTX,2026-01-18T15:46:13.821473+00:00
IPv4,185.22.232.218,AlienVault OTX,2026-01-18T15:46:13.821473+00:00
IPv4,185.28.21.32,AlienVault OTX,2026-01-18T15:46:13.821473+00:00
IPv4,185.28.21.35,AlienVault OTX,2026-01-18T15:46:13.821473+00:00
IPv4,185.29.9.28,AlienVault OTX,2026-01-18T15:46:13.821473+00:00
IPv4,185.33.168.150,AlienVault OTX,2026-01-18T15:46:13.821473+00:00
IPv4,185.39.149.21,AlienVault OTX,2026-01-18T15:46:13.821473+00:00
IPv4,185.44.105.7,AlienVault OTX,2026-01-18T15:46:13.821473+00:00
IPv4,185.45.193.4,AlienVault OTX,2026-01-18T15:46:13.821473+00:00
IPv4,185.56.80.133,AlienVault OTX,2026-01-18T15:46:13.821473+00:00
IPv4,185.61.138.193,AlienVault OTX,2026-01-18T15:46:13.821473+00:00
IPv4,185.77.128.65,AlienVault OTX,2026-01-18T15:46:13.821473+00:00
IPv4,185.82.202.207,AlienVault OTX,2026-01-18T15:46:13.821473+00:00
IPv4,185.86.77.48,AlienVault OTX,2026-01-18T15:46:13.821473+00:00
IPv4,185.91.175.64,AlienVault OTX,2026-01-18T15:46:13.821473+00:00
IPv4,186.226.56.103,AlienVault OTX,2026-01-18T15:46:13.821473+00:00
IPv4,188.120.249.55,AlienVault OTX,2026-01-18T15:46:13.821473+00:00
IPv4,188.127.249.19,AlienVault OTX,2026-01-18T15:46:13.821473+00:00
IPv4,188.138.16.214,AlienVault OTX,2026-01-18T15:46:13.821473+00:00
IPv4,188.138.98.105,AlienVault OTX,2026-01-18T15:46:13.821473+00:00
IPv4,188.227.180.213,AlienVault OTX,2026-01-18T15:46:13.821473+00:00
IPv4,188.240.46.1,AlienVault OTX,2026-01-18T15:46:13.821473+00:00
IPv4,188.255.212.27,AlienVault OTX,2026-01-18T15:46:13.821473+00:00
IPv4,188.40.106.84,AlienVault OTX,2026-01-18T15:46:13.821473+00:00
IPv4,188.40.224.76,AlienVault OTX,2026-01-18T15:46:13.821473+00:00
IPv4,188.40.71.188,AlienVault OTX,2026-01-18T15:46:13.821473+00:00
IPv4,188.40.75.132,AlienVault OTX,2026-01-18T15:46:13.821473+00:00
IPv4,188.40.8.72,AlienVault OTX,2026-01-18T15:46:13.821473+00:00
IPv4,188.40.81.136,AlienVault OTX,2026-01-18T15:46:13.821473+00:00
IPv4,188.51.198.199,AlienVault OTX,2026-01-18T15:46:13.821473+00:00
IPv4,188.55.84.43,AlienVault OTX,2026-01-18T15:46:13.821473+00:00
IPv4,190.123.45.139,AlienVault OTX,2026-01-18T15:46:13.821473+00:00
IPv4,190.228.169.253,AlienVault OTX,2026-01-18T15:46:13.821473+00:00
IPv4,190.242.96.212,AlienVault OTX,2026-01-18T15:46:13.821473+00:00
IPv4,190.60.202.4,AlienVault OTX,2026-01-18T15:46:13.821473+00:00
IPv4,190.97.165.126,AlienVault OTX,2026-01-18T15:46:13.821473+00:00
IPv4,192.111.145.197,AlienVault OTX,2026-01-18T15:46:13.821473+00:00
IPv4,192.111.146.185,AlienVault OTX,2026-01-18T15:46:13.821473+00:00
IPv4,192.151.236.138,AlienVault OTX,2026-01-18T15:46:13.821473+00:00
IPv4,192.154.97.239,AlienVault OTX,2026-01-18T15:46:13.821473+00:00
IPv4,192.157.198.103,AlienVault OTX,2026-01-18T15:46:13.821473+00:00
IPv4,192.161.177.203,AlienVault OTX,2026-01-18T15:46:13.821473+00:00
IPv4,192.161.48.59,AlienVault OTX,2026-01-18T15:46:13.821473+00:00
IPv4,192.161.61.19,AlienVault OTX,2026-01-18T15:46:13.821473+00:00
IPv4,192.161.61.20,AlienVault OTX,2026-01-18T15:46:13.821473+00:00
IPv4,192.161.61.22,AlienVault OTX,2026-01-18T15:46:13.821473+00:00
IPv4,192.169.6.154,AlienVault OTX,2026-01-18T15:46:13.821473+00:00
IPv4,192.169.6.199,AlienVault OTX,2026-01-18T15:46:13.821473+00:00
IPv4,192.169.7.99,AlienVault OTX,2026-01-18T15:46:13.821473+00:00
IPv4,192.184.60.229,AlienVault OTX,2026-01-18T15:46:13.821473+00:00
IPv4,192.199.254.126,AlienVault OTX,2026-01-18T15:46:13.821473+00:00
IPv4,192.208.184.20,AlienVault OTX,2026-01-18T15:46:13.821473+00:00
IPv4,192.210.214.121,AlienVault OTX,2026-01-18T15:46:13.821473+00:00
IPv4,192.210.53.43,AlienVault OTX,2026-01-18T15:46:13.821473+00:00
IPv4,192.243.116.241,AlienVault OTX,2026-01-18T15:46:13.821473+00:00
IPv4,192.253.234.50,AlienVault OTX,2026-01-18T15:46:13.821473+00:00
IPv4,192.253.246.169,AlienVault OTX,2026-01-18T15:46:13.821473+00:00
IPv4,192.52.166.66,AlienVault OTX,2026-01-18T15:46:13.821473+00:00
IPv4,192.52.167.125,AlienVault OTX,2026-01-18T15:46:13.821473+00:00
IPv4,192.52.167.235,AlienVault OTX,2026-01-18T15:46:13.821473+00:00
IPv4,193.0.200.136,AlienVault OTX,2026-01-18T15:46:13.821473+00:00
IPv4,193.109.69.58,AlienVault OTX,2026-01-18T15:46:13.821473+00:00
IPv4,193.138.223.31,AlienVault OTX,2026-01-18T15:46:13.821473+00:00
IPv4,193.203.48.41,AlienVault OTX,2026-01-18T15:46:13.821473+00:00
IPv4,193.203.50.17,AlienVault OTX,2026-01-18T15:46:13.821473+00:00
IPv4,193.203.50.69,AlienVault OTX,2026-01-18T15:46:13.821473+00:00
IPv4,193.230.220.38,AlienVault OTX,2026-01-18T15:46:13.821473+00:00
IPv4,193.230.220.53,AlienVault OTX,2026-01-18T15:46:13.821473+00:00
IPv4,193.26.217.197,AlienVault OTX,2026-01-18T15:46:13.821473+00:00
IPv4,193.26.217.203,AlienVault OTX,2026-01-18T15:46:13.821473+00:00
IPv4,193.26.217.221,AlienVault OTX,2026-01-18T15:46:13.821473+00:00
IPv4,193.34.144.63,AlienVault OTX,2026-01-18T15:46:13.821473+00:00
IPv4,194.146.180.58,AlienVault OTX,2026-01-18T15:46:13.821473+00:00
IPv4,194.15.126.123,AlienVault OTX,2026-01-18T15:46:13.821473+00:00
IPv4,194.183.237.145,AlienVault OTX,2026-01-18T15:46:13.821473+00:00
IPv4,194.28.190.84,AlienVault OTX,2026-01-18T15:46:13.821473+00:00
IPv4,194.38.104.218,AlienVault OTX,2026-01-18T15:46:13.821473+00:00
IPv4,194.44.130.179,AlienVault OTX,2026-01-18T15:46:13.821473+00:00
IPv4,194.44.218.102,AlienVault OTX,2026-01-18T15:46:13.821473+00:00
IPv4,194.54.81.162,AlienVault OTX,2026-01-18T15:46:13.821473+00:00
IPv4,194.54.81.163,AlienVault OTX,2026-01-18T15:46:13.821473+00:00
IPv4,194.54.81.164,AlienVault OTX,2026-01-18T15:46:13.821473+00:00
IPv4,194.6.233.7,AlienVault OTX,2026-01-18T15:46:13.821473+00:00
IPv4,194.63.142.101,AlienVault OTX,2026-01-18T15:46:13.821473+00:00
IPv4,195.128.235.227,AlienVault OTX,2026-01-18T15:46:13.821473+00:00
IPv4,195.128.235.231,AlienVault OTX,2026-01-18T15:46:13.821473+00:00
IPv4,195.128.235.233,AlienVault OTX,2026-01-18T15:46:13.821473+00:00
IPv4,195.128.235.235,AlienVault OTX,2026-01-18T15:46:13.821473+00:00
IPv4,195.154.105.117,AlienVault OTX,2026-01-18T15:46:13.821473+00:00
IPv4,195.3.144.101,AlienVault OTX,2026-01-18T15:46:13.821473+00:00
IPv4,195.81.34.67,AlienVault OTX,2026-01-18T15:46:13.821473+00:00
IPv4,196.44.49.154,AlienVault OTX,2026-01-18T15:46:13.821473+00:00
IPv4,197.149.90.166,AlienVault OTX,2026-01-18T15:46:13.821473+00:00
IPv4,198.100.119.14,AlienVault OTX,2026-01-18T15:46:13.821473+00:00
IPv4,198.101.229.24,AlienVault OTX,2026-01-18T15:46:13.821473+00:00
IPv4,198.105.122.9,AlienVault OTX,2026-01-18T15:46:13.821473+00:00
IPv4,198.105.122.96,AlienVault OTX,2026-01-18T15:46:13.821473+00:00
IPv4,198.13.96.38,AlienVault OTX,2026-01-18T15:46:13.821473+00:00
IPv4,198.136.24.155,AlienVault OTX,2026-01-18T15:46:13.821473+00:00
IPv4,198.148.92.100,AlienVault OTX,2026-01-18T15:46:13.821473+00:00
IPv4,198.154.216.149,AlienVault OTX,2026-01-18T15:46:13.821473+00:00
IPv4,198.154.224.48,AlienVault OTX,2026-01-18T15:46:13.821473+00:00
IPv4,198.200.45.112,AlienVault OTX,2026-01-18T15:46:13.821473+00:00
IPv4,198.211.3.83,AlienVault OTX,2026-01-18T15:46:13.821473+00:00
IPv4,198.27.126.224,AlienVault OTX,2026-01-18T15:46:13.821473+00:00
IPv4,198.27.64.218,AlienVault OTX,2026-01-18T15:46:13.821473+00:00
IPv4,198.27.81.172,AlienVault OTX,2026-01-18T15:46:13.821473+00:00
IPv4,198.44.190.85,AlienVault OTX,2026-01-18T15:46:13.821473+00:00
IPv4,198.55.115.71,AlienVault OTX,2026-01-18T15:46:13.821473+00:00
IPv4,198.58.102.172,AlienVault OTX,2026-01-18T15:46:13.821473+00:00
IPv4,199.188.106.161,AlienVault OTX,2026-01-18T15:46:13.821473+00:00
IPv4,199.201.121.169,AlienVault OTX,2026-01-18T15:46:13.821473+00:00
IPv4,199.255.116.12,AlienVault OTX,2026-01-18T15:46:13.821473+00:00
IPv4,199.36.72.222,AlienVault OTX,2026-01-18T15:46:13.821473+00:00
IPv4,199.79.62.69,AlienVault OTX,2026-01-18T15:46:13.821473+00:00
IPv4,199.91.173.45,AlienVault OTX,2026-01-18T15:46:13.821473+00:00
IPv4,199.96.83.125,AlienVault OTX,2026-01-18T15:46:13.821473+00:00
IPv4,200.119.128.45,AlienVault OTX,2026-01-18T15:46:13.821473+00:00
IPv4,200.125.133.28,AlienVault OTX,2026-01-18T15:46:13.821473+00:00
IPv4,200.125.142.11,AlienVault OTX,2026-01-18T15:46:13.821473+00:00
IPv4,200.87.126.116,AlienVault OTX,2026-01-18T15:46:13.821473+00:00
IPv4,200.87.48.4,AlienVault OTX,2026-01-18T15:46:13.821473+00:00
IPv4,201.76.51.10,AlienVault OTX,2026-01-18T15:46:13.821473+00:00
IPv4,202.146.223.111,AlienVault OTX,2026-01-18T15:46:13.821473+00:00
IPv4,202.153.193.73,AlienVault OTX,2026-01-18T15:46:13.821473+00:00
IPv4,202.153.35.133,AlienVault OTX,2026-01-18T15:46:13.821473+00:00
IPv4,202.172.54.119,AlienVault OTX,2026-01-18T15:46:13.821473+00:00
IPv4,202.181.133.237,AlienVault OTX,2026-01-18T15:46:13.821473+00:00
IPv4,202.183.129.155,AlienVault OTX,2026-01-18T15:46:13.821473+00:00
IPv4,202.206.232.20,AlienVault OTX,2026-01-18T15:46:13.821473+00:00
IPv4,202.71.144.113,AlienVault OTX,2026-01-18T15:46:13.821473+00:00
IPv4,202.76.237.216,AlienVault OTX,2026-01-18T15:46:13.821473+00:00
IPv4,202.77.181.179,AlienVault OTX,2026-01-18T15:46:13.821473+00:00
IPv4,202.82.202.228,AlienVault OTX,2026-01-18T15:46:13.821473+00:00
IPv4,202.82.91.139,AlienVault OTX,2026-01-18T15:46:13.821473+00:00
IPv4,202.95.84.33,AlienVault OTX,2026-01-18T15:46:13.821473+00:00
IPv4,203.124.14.229,AlienVault OTX,2026-01-18T15:46:13.821473+00:00
IPv4,203.131.222.102,AlienVault OTX,2026-01-18T15:46:13.821473+00:00
IPv4,203.135.134.243,AlienVault OTX,2026-01-18T15:46:13.821473+00:00
IPv4,203.150.224.249,AlienVault OTX,2026-01-18T15:46:13.821473+00:00
IPv4,203.150.231.49,AlienVault OTX,2026-01-18T15:46:13.821473+00:00
IPv4,203.150.231.73,AlienVault OTX,2026-01-18T15:46:13.821473+00:00
IPv4,203.151.23.69,AlienVault OTX,2026-01-18T15:46:13.821473+00:00
IPv4,203.151.94.120,AlienVault OTX,2026-01-18T15:46:13.821473+00:00
IPv4,203.156.161.49,AlienVault OTX,2026-01-18T15:46:13.821473+00:00
IPv4,203.183.172.196,AlienVault OTX,2026-01-18T15:46:13.821473+00:00
IPv4,203.199.89.80,AlienVault OTX,2026-01-18T15:46:13.821473+00:00
IPv4,203.218.138.30,AlienVault OTX,2026-01-18T15:46:13.821473+00:00
IPv4,203.232.186.35,AlienVault OTX,2026-01-18T15:46:13.821473+00:00
IPv4,203.249.88.243,AlienVault OTX,2026-01-18T15:46:13.821473+00:00
IPv4,204.152.199.43,AlienVault OTX,2026-01-18T15:46:13.821473+00:00
IPv4,204.152.219.78,AlienVault OTX,2026-01-18T15:46:13.821473+00:00
IPv4,204.227.182.242,AlienVault OTX,2026-01-18T15:46:13.821473+00:00
IPv4,206.161.216.219,AlienVault OTX,2026-01-18T15:46:13.821473+00:00
IPv4,207.182.142.68,AlienVault OTX,2026-01-18T15:46:13.821473+00:00
IPv4,207.182.149.14,AlienVault OTX,2026-01-18T15:46:13.821473+00:00
IPv4,208.105.226.235,AlienVault OTX,2026-01-18T15:46:13.821473+00:00
IPv4,208.109.248.146,AlienVault OTX,2026-01-18T15:46:13.821473+00:00
IPv4,208.115.242.36,AlienVault OTX,2026-01-18T15:46:13.821473+00:00
IPv4,208.115.242.37,AlienVault OTX,2026-01-18T15:46:13.821473+00:00
IPv4,208.115.242.38,AlienVault OTX,2026-01-18T15:46:13.821473+00:00
IPv4,208.187.167.126,AlienVault OTX,2026-01-18T15:46:13.821473+00:00
IPv4,208.75.241.246,AlienVault OTX,2026-01-18T15:46:13.821473+00:00
IPv4,208.77.177.24,AlienVault OTX,2026-01-18T15:46:13.821473+00:00
IPv4,208.91.199.223,AlienVault OTX,2026-01-18T15:46:13.821473+00:00
IPv4,208.98.15.162,AlienVault OTX,2026-01-18T15:46:13.821473+00:00
IPv4,209.160.65.96,AlienVault OTX,2026-01-18T15:46:13.821473+00:00
IPv4,209.200.83.43,AlienVault OTX,2026-01-18T15:46:13.821473+00:00
IPv4,209.222.30.5,AlienVault OTX,2026-01-18T15:46:13.821473+00:00
IPv4,209.239.79.121,AlienVault OTX,2026-01-18T15:46:13.821473+00:00
IPv4,209.239.79.125,AlienVault OTX,2026-01-18T15:46:13.821473+00:00
IPv4,209.239.79.15,AlienVault OTX,2026-01-18T15:46:13.821473+00:00
IPv4,209.239.79.152,AlienVault OTX,2026-01-18T15:46:13.821473+00:00
IPv4,209.239.79.33,AlienVault OTX,2026-01-18T15:46:13.821473+00:00
IPv4,209.239.79.35,AlienVault OTX,2026-01-18T15:46:13.821473+00:00
IPv4,209.239.79.47,AlienVault OTX,2026-01-18T15:46:13.821473+00:00
IPv4,209.239.79.52,AlienVault OTX,2026-01-18T15:46:13.821473+00:00
IPv4,209.239.79.55,AlienVault OTX,2026-01-18T15:46:13.821473+00:00
IPv4,209.239.79.69,AlienVault OTX,2026-01-18T15:46:13.821473+00:00
IPv4,209.239.82.7,AlienVault OTX,2026-01-18T15:46:13.821473+00:00
IPv4,209.239.85.240,AlienVault OTX,2026-01-18T15:46:13.821473+00:00
IPv4,209.239.89.100,AlienVault OTX,2026-01-18T15:46:13.821473+00:00
IPv4,209.40.72.2,AlienVault OTX,2026-01-18T15:46:13.821473+00:00
IPv4,210.109.99.64,AlienVault OTX,2026-01-18T15:46:13.821473+00:00
IPv4,210.175.53.24,AlienVault OTX,2026-01-18T15:46:13.821473+00:00
IPv4,210.180.33.33,AlienVault OTX,2026-01-18T15:46:13.821473+00:00
IPv4,210.209.127.8,AlienVault OTX,2026-01-18T15:46:13.821473+00:00
IPv4,210.209.79.29,AlienVault OTX,2026-01-18T15:46:13.821473+00:00
IPv4,210.209.89.162,AlienVault OTX,2026-01-18T15:46:13.821473+00:00
IPv4,210.211.31.214,AlienVault OTX,2026-01-18T15:46:13.821473+00:00
IPv4,210.211.31.246,AlienVault OTX,2026-01-18T15:46:13.821473+00:00
IPv4,210.253.101.105,AlienVault OTX,2026-01-18T15:46:13.821473+00:00
IPv4,210.59.2.20,AlienVault OTX,2026-01-18T15:46:13.821473+00:00
IPv4,210.81.52.120,AlienVault OTX,2026-01-18T15:46:13.821473+00:00
IPv4,211.226.71.4,AlienVault OTX,2026-01-18T15:46:13.821473+00:00
IPv4,211.233.75.83,AlienVault OTX,2026-01-18T15:46:13.821473+00:00
IPv4,211.233.89.182,AlienVault OTX,2026-01-18T15:46:13.821473+00:00
IPv4,211.62.158.22,AlienVault OTX,2026-01-18T15:46:13.821473+00:00
IPv4,212.118.118.100,AlienVault OTX,2026-01-18T15:46:13.821473+00:00
IPv4,212.227.137.245,AlienVault OTX,2026-01-18T15:46:13.821473+00:00
IPv4,212.31.102.100,AlienVault OTX,2026-01-18T15:46:13.821473+00:00
IPv4,212.56.214.130,AlienVault OTX,2026-01-18T15:46:13.821473+00:00
IPv4,212.56.214.154,AlienVault OTX,2026-01-18T15:46:13.821473+00:00
IPv4,212.61.54.239,AlienVault OTX,2026-01-18T15:46:13.821473+00:00
IPv4,212.81.134.57,AlienVault OTX,2026-01-18T15:46:13.821473+00:00
IPv4,212.87.154.12,AlienVault OTX,2026-01-18T15:46:13.821473+00:00
IPv4,212.87.154.14,AlienVault OTX,2026-01-18T15:46:13.821473+00:00
IPv4,213.179.57.178,AlienVault OTX,2026-01-18T15:46:13.821473+00:00
IPv4,213.186.164.211,AlienVault OTX,2026-01-18T15:46:13.821473+00:00
IPv4,213.198.79.49,AlienVault OTX,2026-01-18T15:46:13.821473+00:00
IPv4,213.204.122.130,AlienVault OTX,2026-01-18T15:46:13.821473+00:00
IPv4,213.204.122.133,AlienVault OTX,2026-01-18T15:46:13.821473+00:00
IPv4,213.239.209.196,AlienVault OTX,2026-01-18T15:46:13.821473+00:00
IPv4,216.151.221.212,AlienVault OTX,2026-01-18T15:46:13.821473+00:00
IPv4,216.157.99.23,AlienVault OTX,2026-01-18T15:46:13.821473+00:00
IPv4,216.157.99.25,AlienVault OTX,2026-01-18T15:46:13.821473+00:00
IPv4,216.170.116.120,AlienVault OTX,2026-01-18T15:46:13.821473+00:00
IPv4,216.170.117.7,AlienVault OTX,2026-01-18T15:46:13.821473+00:00
IPv4,216.170.117.88,AlienVault OTX,2026-01-18T15:46:13.821473+00:00
IPv4,216.246.98.85,AlienVault OTX,2026-01-18T15:46:13.821473+00:00
IPv4,216.38.2.195,AlienVault OTX,2026-01-18T15:46:13.821473+00:00
IPv4,216.38.2.212,AlienVault OTX,2026-01-18T15:46:13.821473+00:00
IPv4,216.38.7.229,AlienVault OTX,2026-01-18T15:46:13.821473+00:00
IPv4,217.12.201.169,AlienVault OTX,2026-01-18T15:46:13.821473+00:00
IPv4,217.12.202.99,AlienVault OTX,2026-01-18T15:46:13.821473+00:00
IPv4,217.172.179.9,AlienVault OTX,2026-01-18T15:46:13.821473+00:00
IPv4,217.172.181.164,AlienVault OTX,2026-01-18T15:46:13.821473+00:00
IPv4,217.172.183.184,AlienVault OTX,2026-01-18T15:46:13.821473+00:00
IPv4,217.172.184.75,AlienVault OTX,2026-01-18T15:46:13.821473+00:00
IPv4,217.172.186.179,AlienVault OTX,2026-01-18T15:46:13.821473+00:00
IPv4,217.194.150.31,AlienVault OTX,2026-01-18T15:46:13.821473+00:00
IPv4,217.198.143.40,AlienVault OTX,2026-01-18T15:46:13.821473+00:00
IPv4,217.20.242.22,AlienVault OTX,2026-01-18T15:46:13.821473+00:00
IPv4,217.20.243.37,AlienVault OTX,2026-01-18T15:46:13.821473+00:00
IPv4,217.23.6.112,AlienVault OTX,2026-01-18T15:46:13.821473+00:00
IPv4,217.23.6.13,AlienVault OTX,2026-01-18T15:46:13.821473+00:00
IPv4,217.23.8.68,AlienVault OTX,2026-01-18T15:46:13.821473+00:00
IPv4,217.96.33.164,AlienVault OTX,2026-01-18T15:46:13.821473+00:00
IPv4,218.10.17.171,AlienVault OTX,2026-01-18T15:46:13.821473+00:00
IPv4,218.103.16.153,AlienVault OTX,2026-01-18T15:46:13.821473+00:00
IPv4,218.76.220.106,AlienVault OTX,2026-01-18T15:46:13.821473+00:00
IPv4,219.122.54.178,AlienVault OTX,2026-01-18T15:46:13.821473+00:00
IPv4,219.235.4.22,AlienVault OTX,2026-01-18T15:46:13.821473+00:00
IPv4,220.134.9.49,AlienVault OTX,2026-01-18T15:46:13.821473+00:00
IPv4,221.130.190.27,AlienVault OTX,2026-01-18T15:46:13.821473+00:00
IPv4,221.232.160.61,AlienVault OTX,2026-01-18T15:46:13.821473+00:00
IPv4,221.232.82.29,AlienVault OTX,2026-01-18T15:46:13.821473+00:00
IPv4,222.186.15.246,AlienVault OTX,2026-01-18T15:46:13.821473+00:00
IPv4,222.186.21.109,AlienVault OTX,2026-01-18T15:46:13.821473+00:00
IPv4,222.186.21.120,AlienVault OTX,2026-01-18T15:46:13.821473+00:00
IPv4,222.186.31.83,AlienVault OTX,2026-01-18T15:46:13.821473+00:00
IPv4,222.186.34.177,AlienVault OTX,2026-01-18T15:46:13.821473+00:00
IPv4,222.186.34.70,AlienVault OTX,2026-01-18T15:46:13.821473+00:00
IPv4,222.186.52.153,AlienVault OTX,2026-01-18T15:46:13.821473+00:00
IPv4,222.186.56.21,AlienVault OTX,2026-01-18T15:46:13.821473+00:00
IPv4,222.95.171.178,AlienVault OTX,2026-01-18T15:46:13.821473+00:00
IPv4,223.25.233.248,AlienVault OTX,2026-01-18T15:46:13.821473+00:00
IPv4,223.27.43.32,AlienVault OTX,2026-01-18T15:46:13.821473+00:00
IPv4,223.29.248.9,AlienVault OTX,2026-01-18T15:46:13.821473+00:00
IPv4,23.105.131.179,AlienVault OTX,2026-01-18T15:46:13.821473+00:00
IPv4,23.105.131.236,AlienVault OTX,2026-01-18T15:46:13.821473+00:00
IPv4,23.107.16.6,AlienVault OTX,2026-01-18T15:46:13.821473+00:00
IPv4,23.228.204.6,AlienVault OTX,2026-01-18T15:46:13.821473+00:00
IPv4,23.234.19.202,AlienVault OTX,2026-01-18T15:46:13.821473+00:00
IPv4,23.234.25.203,AlienVault OTX,2026-01-18T15:46:13.821473+00:00
IPv4,23.234.60.140,AlienVault OTX,2026-01-18T15:46:13.821473+00:00
IPv4,23.234.60.143,AlienVault OTX,2026-01-18T15:46:13.821473+00:00
IPv4,23.245.4.46,AlienVault OTX,2026-01-18T15:46:13.821473+00:00
IPv4,23.249.163.140,AlienVault OTX,2026-01-18T15:46:13.821473+00:00
IPv4,23.249.225.140,AlienVault OTX,2026-01-18T15:46:13.821473+00:00
IPv4,23.27.112.143,AlienVault OTX,2026-01-18T15:46:13.821473+00:00
IPv4,23.27.127.200,AlienVault OTX,2026-01-18T15:46:13.821473+00:00
IPv4,23.88.236.96,AlienVault OTX,2026-01-18T15:46:13.821473+00:00
IPv4,23.99.20.198,AlienVault OTX,2026-01-18T15:46:13.821473+00:00
IPv4,27.254.40.105,AlienVault OTX,2026-01-18T15:46:13.821473+00:00
IPv4,27.255.64.231,AlienVault OTX,2026-01-18T15:46:13.821473+00:00
IPv4,27.255.94.74,AlienVault OTX,2026-01-18T15:46:13.821473+00:00
IPv4,31.131.17.125,AlienVault OTX,2026-01-18T15:46:13.821473+00:00
IPv4,31.131.17.79,AlienVault OTX,2026-01-18T15:46:13.821473+00:00
IPv4,31.131.17.81,AlienVault OTX,2026-01-18T15:46:13.821473+00:00
IPv4,31.148.219.199,AlienVault OTX,2026-01-18T15:46:13.821473+00:00
IPv4,31.148.220.173,AlienVault OTX,2026-01-18T15:46:13.821473+00:00
IPv4,31.170.163.242,AlienVault OTX,2026-01-18T15:46:13.821473+00:00
IPv4,31.184.192.171,AlienVault OTX,2026-01-18T15:46:13.821473+00:00
IPv4,31.184.192.196,AlienVault OTX,2026-01-18T15:46:13.821473+00:00
IPv4,31.184.192.215,AlienVault OTX,2026-01-18T15:46:13.821473+00:00
IPv4,31.210.111.154,AlienVault OTX,2026-01-18T15:46:13.821473+00:00
IPv4,31.220.16.147,AlienVault OTX,2026-01-18T15:46:13.821473+00:00
IPv4,31.24.30.65,AlienVault OTX,2026-01-18T15:46:13.821473+00:00
IPv4,31.3.155.123,AlienVault OTX,2026-01-18T15:46:13.821473+00:00
IPv4,31.41.45.197,AlienVault OTX,2026-01-18T15:46:13.821473+00:00
IPv4,31.8.48.7,AlienVault OTX,2026-01-18T15:46:13.821473+00:00
IPv4,31.9.48.11,AlienVault OTX,2026-01-18T15:46:13.821473+00:00
IPv4,31.9.48.119,AlienVault OTX,2026-01-18T15:46:13.821473+00:00
IPv4,31.9.48.146,AlienVault OTX,2026-01-18T15:46:13.821473+00:00
IPv4,31.9.48.172,AlienVault OTX,2026-01-18T15:46:13.821473+00:00
IPv4,31.9.48.78,AlienVault OTX,2026-01-18T15:46:13.821473+00:00
IPv4,31.9.48.80,AlienVault OTX,2026-01-18T15:46:13.821473+00:00
IPv4,37.139.47.162,AlienVault OTX,2026-01-18T15:46:13.821473+00:00
IPv4,37.143.9.63,AlienVault OTX,2026-01-18T15:46:13.821473+00:00
IPv4,37.187.116.240,AlienVault OTX,2026-01-18T15:46:13.821473+00:00
IPv4,37.220.34.56,AlienVault OTX,2026-01-18T15:46:13.821473+00:00
IPv4,37.235.54.48,AlienVault OTX,2026-01-18T15:46:13.821473+00:00
IPv4,37.238.165.11,AlienVault OTX,2026-01-18T15:46:13.821473+00:00
IPv4,37.28.153.162,AlienVault OTX,2026-01-18T15:46:13.821473+00:00
IPv4,37.46.114.148,AlienVault OTX,2026-01-18T15:46:13.821473+00:00
IPv4,37.57.101.221,AlienVault OTX,2026-01-18T15:46:13.821473+00:00
IPv4,37.59.2.42,AlienVault OTX,2026-01-18T15:46:13.821473+00:00
IPv4,37.59.202.124,AlienVault OTX,2026-01-18T15:46:13.821473+00:00
IPv4,39.109.0.113,AlienVault OTX,2026-01-18T15:46:13.821473+00:00
IPv4,41.190.233.29,AlienVault OTX,2026-01-18T15:46:13.821473+00:00
IPv4,41.222.35.70,AlienVault OTX,2026-01-18T15:46:13.821473+00:00
IPv4,41.58.102.142,AlienVault OTX,2026-01-18T15:46:13.821473+00:00
IPv4,41.58.104.23,AlienVault OTX,2026-01-18T15:46:13.821473+00:00
IPv4,41.58.219.175,AlienVault OTX,2026-01-18T15:46:13.821473+00:00
IPv4,41.77.136.250,AlienVault OTX,2026-01-18T15:46:13.821473+00:00
IPv4,41.79.70.147,AlienVault OTX,2026-01-18T15:46:13.821473+00:00
IPv4,42.200.18.194,AlienVault OTX,2026-01-18T15:46:13.821473+00:00
IPv4,42.51.4.216,AlienVault OTX,2026-01-18T15:46:13.821473+00:00
IPv4,43.240.119.35,AlienVault OTX,2026-01-18T15:46:13.821473+00:00
IPv4,43.240.119.40,AlienVault OTX,2026-01-18T15:46:13.821473+00:00
IPv4,43.248.8.249,AlienVault OTX,2026-01-18T15:46:13.821473+00:00
IPv4,43.249.81.85,AlienVault OTX,2026-01-18T15:46:13.821473+00:00
IPv4,43.251.116.61,AlienVault OTX,2026-01-18T15:46:13.821473+00:00
IPv4,45.32.13.169,AlienVault OTX,2026-01-18T15:46:13.821473+00:00
IPv4,45.32.236.220,AlienVault OTX,2026-01-18T15:46:13.821473+00:00
IPv4,45.55.154.235,AlienVault OTX,2026-01-18T15:46:13.821473+00:00
IPv4,45.64.113.130,AlienVault OTX,2026-01-18T15:46:13.821473+00:00
IPv4,45.64.74.101,AlienVault OTX,2026-01-18T15:46:13.821473+00:00
IPv4,46.118.114.205,AlienVault OTX,2026-01-18T15:46:13.821473+00:00
IPv4,46.118.119.63,AlienVault OTX,2026-01-18T15:46:13.821473+00:00
IPv4,46.148.26.44,AlienVault OTX,2026-01-18T15:46:13.821473+00:00
IPv4,46.151.52.73,AlienVault OTX,2026-01-18T15:46:13.821473+00:00
IPv4,46.161.30.200,AlienVault OTX,2026-01-18T15:46:13.821473+00:00
IPv4,46.161.40.106,AlienVault OTX,2026-01-18T15:46:13.821473+00:00
IPv4,46.163.73.99,AlienVault OTX,2026-01-18T15:46:13.821473+00:00
IPv4,46.165.222.6,AlienVault OTX,2026-01-18T15:46:13.821473+00:00
IPv4,46.165.228.130,AlienVault OTX,2026-01-18T15:46:13.821473+00:00
IPv4,46.166.168.106,AlienVault OTX,2026-01-18T15:46:13.821473+00:00
IPv4,46.183.216.247,AlienVault OTX,2026-01-18T15:46:13.821473+00:00
IPv4,46.183.217.132,AlienVault OTX,2026-01-18T15:46:13.821473+00:00
IPv4,46.244.21.4,AlienVault OTX,2026-01-18T15:46:13.821473+00:00
IPv4,46.251.237.59,AlienVault OTX,2026-01-18T15:46:13.821473+00:00
IPv4,46.28.204.128,AlienVault OTX,2026-01-18T15:46:13.821473+00:00
IPv4,46.28.68.144,AlienVault OTX,2026-01-18T15:46:13.821473+00:00
IPv4,46.30.41.159,AlienVault OTX,2026-01-18T15:46:13.821473+00:00
IPv4,46.30.41.16,AlienVault OTX,2026-01-18T15:46:13.821473+00:00
IPv4,46.36.217.227,AlienVault OTX,2026-01-18T15:46:13.821473+00:00
IPv4,46.4.20.40,AlienVault OTX,2026-01-18T15:46:13.821473+00:00
IPv4,46.4.28.218,AlienVault OTX,2026-01-18T15:46:13.821473+00:00
IPv4,5.1.83.133,AlienVault OTX,2026-01-18T15:46:13.821473+00:00
IPv4,5.101.118.148,AlienVault OTX,2026-01-18T15:46:13.821473+00:00
IPv4,5.101.146.184,AlienVault OTX,2026-01-18T15:46:13.821473+00:00
IPv4,5.135.111.89,AlienVault OTX,2026-01-18T15:46:13.821473+00:00
IPv4,5.145.151.6,AlienVault OTX,2026-01-18T15:46:13.821473+00:00
IPv4,5.196.181.244,AlienVault OTX,2026-01-18T15:46:13.821473+00:00
IPv4,5.199.169.188,AlienVault OTX,2026-01-18T15:46:13.821473+00:00
IPv4,5.39.223.227,AlienVault OTX,2026-01-18T15:46:13.821473+00:00
IPv4,5.39.99.18,AlienVault OTX,2026-01-18T15:46:13.821473+00:00
IPv4,5.44.15.70,AlienVault OTX,2026-01-18T15:46:13.821473+00:00
IPv4,5.44.216.44,AlienVault OTX,2026-01-18T15:46:13.821473+00:00
IPv4,5.44.99.46,AlienVault OTX,2026-01-18T15:46:13.821473+00:00
IPv4,5.61.32.118,AlienVault OTX,2026-01-18T15:46:13.821473+00:00
IPv4,5.61.36.150,AlienVault OTX,2026-01-18T15:46:13.821473+00:00
IPv4,5.61.38.31,AlienVault OTX,2026-01-18T15:46:13.821473+00:00
IPv4,5.61.38.52,AlienVault OTX,2026-01-18T15:46:13.821473+00:00
IPv4,5.79.86.19,AlienVault OTX,2026-01-18T15:46:13.821473+00:00
IPv4,5.9.32.230,AlienVault OTX,2026-01-18T15:46:13.821473+00:00
IPv4,5.9.38.167,AlienVault OTX,2026-01-18T15:46:13.821473+00:00
IPv4,50.115.127.36,AlienVault OTX,2026-01-18T15:46:13.821473+00:00
IPv4,50.115.127.37,AlienVault OTX,2026-01-18T15:46:13.821473+00:00
IPv4,50.117.38.164,AlienVault OTX,2026-01-18T15:46:13.821473+00:00
IPv4,50.2.191.99,AlienVault OTX,2026-01-18T15:46:13.821473+00:00
IPv4,50.2.24.211,AlienVault OTX,2026-01-18T15:46:13.821473+00:00
IPv4,50.23.164.161,AlienVault OTX,2026-01-18T15:46:13.821473+00:00
IPv4,50.60.129.74,AlienVault OTX,2026-01-18T15:46:13.821473+00:00
IPv4,50.60.129.78,AlienVault OTX,2026-01-18T15:46:13.821473+00:00
IPv4,50.62.171.62,AlienVault OTX,2026-01-18T15:46:13.821473+00:00
IPv4,50.63.174.16,AlienVault OTX,2026-01-18T15:46:13.821473+00:00
IPv4,50.7.11.10,AlienVault OTX,2026-01-18T15:46:13.821473+00:00
IPv4,50.7.138.132,AlienVault OTX,2026-01-18T15:46:13.821473+00:00
IPv4,50.7.143.61,AlienVault OTX,2026-01-18T15:46:13.821473+00:00
IPv4,52.74.141.137,AlienVault OTX,2026-01-18T15:46:13.821473+00:00
IPv4,54.191.142.124,AlienVault OTX,2026-01-18T15:46:13.821473+00:00
IPv4,54.68.121.73,AlienVault OTX,2026-01-18T15:46:13.821473+00:00
IPv4,54.68.194.154,AlienVault OTX,2026-01-18T15:46:13.821473+00:00
IPv4,54.69.90.62,AlienVault OTX,2026-01-18T15:46:13.821473+00:00
IPv4,55.198.6.56,AlienVault OTX,2026-01-18T15:46:13.821473+00:00
IPv4,58.177.114.13,AlienVault OTX,2026-01-18T15:46:13.821473+00:00
IPv4,58.185.154.99,AlienVault OTX,2026-01-18T15:46:13.821473+00:00
IPv4,58.217.168.205,AlienVault OTX,2026-01-18T15:46:13.821473+00:00
IPv4,58.218.213.211,AlienVault OTX,2026-01-18T15:46:13.821473+00:00
IPv4,58.64.139.251,AlienVault OTX,2026-01-18T15:46:13.821473+00:00
IPv4,58.64.156.140,AlienVault OTX,2026-01-18T15:46:13.821473+00:00
IPv4,58.64.183.92,AlienVault OTX,2026-01-18T15:46:13.821473+00:00
IPv4,58.64.201.229,AlienVault OTX,2026-01-18T15:46:13.821473+00:00
IPv4,59.148.180.62,AlienVault OTX,2026-01-18T15:46:13.821473+00:00
IPv4,59.188.0.197,AlienVault OTX,2026-01-18T15:46:13.821473+00:00
IPv4,59.188.16.130,AlienVault OTX,2026-01-18T15:46:13.821473+00:00
IPv4,59.188.247.32,AlienVault OTX,2026-01-18T15:46:13.821473+00:00
IPv4,59.6.2.16,AlienVault OTX,2026-01-18T15:46:13.821473+00:00
IPv4,60.163.21.177,AlienVault OTX,2026-01-18T15:46:13.821473+00:00
IPv4,60.169.75.99,AlienVault OTX,2026-01-18T15:46:13.821473+00:00
IPv4,61.128.110.38,AlienVault OTX,2026-01-18T15:46:13.821473+00:00
IPv4,61.153.104.230,AlienVault OTX,2026-01-18T15:46:13.821473+00:00
IPv4,61.160.215.111,AlienVault OTX,2026-01-18T15:46:13.821473+00:00
IPv4,61.160.232.197,AlienVault OTX,2026-01-18T15:46:13.821473+00:00
IPv4,61.160.232.221,AlienVault OTX,2026-01-18T15:46:13.821473+00:00
IPv4,61.160.247.7,AlienVault OTX,2026-01-18T15:46:13.821473+00:00
IPv4,61.176.220.162,AlienVault OTX,2026-01-18T15:46:13.821473+00:00
IPv4,61.176.222.160,AlienVault OTX,2026-01-18T15:46:13.821473+00:00
IPv4,61.176.223.77,AlienVault OTX,2026-01-18T15:46:13.821473+00:00
IPv4,61.187.98.244,AlienVault OTX,2026-01-18T15:46:13.821473+00:00
IPv4,61.218.145.179,AlienVault OTX,2026-01-18T15:46:13.821473+00:00
IPv4,61.221.169.31,AlienVault OTX,2026-01-18T15:46:13.821473+00:00
IPv4,61.222.31.83,AlienVault OTX,2026-01-18T15:46:13.821473+00:00
IPv4,61.58.31.102,AlienVault OTX,2026-01-18T15:46:13.821473+00:00
IPv4,61.67.114.73,AlienVault OTX,2026-01-18T15:46:13.821473+00:00
IPv4,61.7.219.61,AlienVault OTX,2026-01-18T15:46:13.821473+00:00
IPv4,61.78.34.179,AlienVault OTX,2026-01-18T15:46:13.821473+00:00
IPv4,61.90.197.150,AlienVault OTX,2026-01-18T15:46:13.821473+00:00
IPv4,61.90.202.197,AlienVault OTX,2026-01-18T15:46:13.821473+00:00
IPv4,61.90.202.198,AlienVault OTX,2026-01-18T15:46:13.821473+00:00
IPv4,62.113.238.104,AlienVault OTX,2026-01-18T15:46:13.821473+00:00
IPv4,62.210.182.246,AlienVault OTX,2026-01-18T15:46:13.821473+00:00
IPv4,62.210.83.213,AlienVault OTX,2026-01-18T15:46:13.821473+00:00
IPv4,62.216.152.67,AlienVault OTX,2026-01-18T15:46:13.821473+00:00
IPv4,62.243.189.187,AlienVault OTX,2026-01-18T15:46:13.821473+00:00
IPv4,62.243.189.215,AlienVault OTX,2026-01-18T15:46:13.821473+00:00
IPv4,62.243.189.231,AlienVault OTX,2026-01-18T15:46:13.821473+00:00
IPv4,62.75.224.229,AlienVault OTX,2026-01-18T15:46:13.821473+00:00
IPv4,62.76.177.179,AlienVault OTX,2026-01-18T15:46:13.821473+00:00
IPv4,62.76.184.245,AlienVault OTX,2026-01-18T15:46:13.821473+00:00
IPv4,62.76.184.68,AlienVault OTX,2026-01-18T15:46:13.821473+00:00
IPv4,62.76.189.169,AlienVault OTX,2026-01-18T15:46:13.821473+00:00
IPv4,62.76.41.15,AlienVault OTX,2026-01-18T15:46:13.821473+00:00
IPv4,62.76.42.14,AlienVault OTX,2026-01-18T15:46:13.821473+00:00
IPv4,63.142.245.12,AlienVault OTX,2026-01-18T15:46:13.821473+00:00
IPv4,64.120.128.154,AlienVault OTX,2026-01-18T15:46:13.821473+00:00
IPv4,64.120.208.154,AlienVault OTX,2026-01-18T15:46:13.821473+00:00
IPv4,64.120.208.74,AlienVault OTX,2026-01-18T15:46:13.821473+00:00
IPv4,64.120.208.75,AlienVault OTX,2026-01-18T15:46:13.821473+00:00
IPv4,64.120.208.76,AlienVault OTX,2026-01-18T15:46:13.821473+00:00
IPv4,64.120.208.78,AlienVault OTX,2026-01-18T15:46:13.821473+00:00
IPv4,64.187.225.231,AlienVault OTX,2026-01-18T15:46:13.821473+00:00
IPv4,64.34.127.134,AlienVault OTX,2026-01-18T15:46:13.821473+00:00
IPv4,64.34.127.86,AlienVault OTX,2026-01-18T15:46:13.821473+00:00
IPv4,64.40.101.43,AlienVault OTX,2026-01-18T15:46:13.821473+00:00
IPv4,64.76.82.52,AlienVault OTX,2026-01-18T15:46:13.821473+00:00
IPv4,65.111.246.50,AlienVault OTX,2026-01-18T15:46:13.821473+00:00
IPv4,65.19.141.199,AlienVault OTX,2026-01-18T15:46:13.821473+00:00
IPv4,65.254.49.116,AlienVault OTX,2026-01-18T15:46:13.821473+00:00
IPv4,65.254.49.118,AlienVault OTX,2026-01-18T15:46:13.821473+00:00
IPv4,66.172.11.207,AlienVault OTX,2026-01-18T15:46:13.821473+00:00
IPv4,66.186.188.227,AlienVault OTX,2026-01-18T15:46:13.821473+00:00
IPv4,66.199.240.242,AlienVault OTX,2026-01-18T15:46:13.821473+00:00
IPv4,66.199.240.243,AlienVault OTX,2026-01-18T15:46:13.821473+00:00
IPv4,66.55.133.86,AlienVault OTX,2026-01-18T15:46:13.821473+00:00
IPv4,66.55.133.89,AlienVault OTX,2026-01-18T15:46:13.821473+00:00
IPv4,66.63.178.142,AlienVault OTX,2026-01-18T15:46:13.821473+00:00
IPv4,66.90.103.135,AlienVault OTX,2026-01-18T15:46:13.821473+00:00
IPv4,66.96.252.198,AlienVault OTX,2026-01-18T15:46:13.821473+00:00
IPv4,66.98.206.31,AlienVault OTX,2026-01-18T15:46:13.821473+00:00
IPv4,67.103.159.140,AlienVault OTX,2026-01-18T15:46:13.821473+00:00
IPv4,67.103.159.141,AlienVault OTX,2026-01-18T15:46:13.821473+00:00
IPv4,67.18.208.92,AlienVault OTX,2026-01-18T15:46:13.821473+00:00
IPv4,67.198.244.74,AlienVault OTX,2026-01-18T15:46:13.821473+00:00
IPv4,67.215.232.179,AlienVault OTX,2026-01-18T15:46:13.821473+00:00
IPv4,68.68.105.174,AlienVault OTX,2026-01-18T15:46:13.821473+00:00
IPv4,69.164.221.7,AlienVault OTX,2026-01-18T15:46:13.821473+00:00
IPv4,69.197.149.98,AlienVault OTX,2026-01-18T15:46:13.821473+00:00
IPv4,69.221.169.31,AlienVault OTX,2026-01-18T15:46:13.821473+00:00
IPv4,69.64.48.125,AlienVault OTX,2026-01-18T15:46:13.821473+00:00
IPv4,69.64.72.206,AlienVault OTX,2026-01-18T15:46:13.821473+00:00
IPv4,69.64.90.94,AlienVault OTX,2026-01-18T15:46:13.821473+00:00
IPv4,69.80.72.165,AlienVault OTX,2026-01-18T15:46:13.821473+00:00
IPv4,69.94.157.80,AlienVault OTX,2026-01-18T15:46:13.821473+00:00
IPv4,70.32.85.69,AlienVault OTX,2026-01-18T15:46:13.821473+00:00
IPv4,70.32.94.46,AlienVault OTX,2026-01-18T15:46:13.821473+00:00
IPv4,70.39.77.126,AlienVault OTX,2026-01-18T15:46:13.821473+00:00
IPv4,70.85.221.10,AlienVault OTX,2026-01-18T15:46:13.821473+00:00
IPv4,70.90.107.245,AlienVault OTX,2026-01-18T15:46:13.821473+00:00
IPv4,72.11.141.133,AlienVault OTX,2026-01-18T15:46:13.821473+00:00
IPv4,72.11.148.147,AlienVault OTX,2026-01-18T15:46:13.821473+00:00
IPv4,72.11.148.220,AlienVault OTX,2026-01-18T15:46:13.821473+00:00
IPv4,72.18.128.145,AlienVault OTX,2026-01-18T15:46:13.821473+00:00
IPv4,74.117.158.3,AlienVault OTX,2026-01-18T15:46:13.821473+00:00
IPv4,74.208.170.163,AlienVault OTX,2026-01-18T15:46:13.821473+00:00
IPv4,74.208.68.243,AlienVault OTX,2026-01-18T15:46:13.821473+00:00
IPv4,74.54.206.162,AlienVault OTX,2026-01-18T15:46:13.821473+00:00
IPv4,74.63.195.236,AlienVault OTX,2026-01-18T15:46:13.821473+00:00
IPv4,74.63.195.237,AlienVault OTX,2026-01-18T15:46:13.821473+00:00
IPv4,74.63.195.238,AlienVault OTX,2026-01-18T15:46:13.821473+00:00
IPv4,74.63.210.180,AlienVault OTX,2026-01-18T15:46:13.821473+00:00
IPv4,76.12.61.116,AlienVault OTX,2026-01-18T15:46:13.821473+00:00
IPv4,77.246.71.10,AlienVault OTX,2026-01-18T15:46:13.821473+00:00
IPv4,77.246.76.19,AlienVault OTX,2026-01-18T15:46:13.821473+00:00
IPv4,77.247.177.36,AlienVault OTX,2026-01-18T15:46:13.821473+00:00
IPv4,77.247.177.87,AlienVault OTX,2026-01-18T15:46:13.821473+00:00
IPv4,77.67.80.31,AlienVault OTX,2026-01-18T15:46:13.821473+00:00
IPv4,77.73.187.223,AlienVault OTX,2026-01-18T15:46:13.821473+00:00
IPv4,77.74.103.150,AlienVault OTX,2026-01-18T15:46:13.821473+00:00
IPv4,77.87.79.128,AlienVault OTX,2026-01-18T15:46:13.821473+00:00
IPv4,78.109.194.114,AlienVault OTX,2026-01-18T15:46:13.821473+00:00
IPv4,78.128.92.112,AlienVault OTX,2026-01-18T15:46:13.821473+00:00
IPv4,78.128.92.117,AlienVault OTX,2026-01-18T15:46:13.821473+00:00
IPv4,78.129.184.4,AlienVault OTX,2026-01-18T15:46:13.821473+00:00
IPv4,78.46.250.103,AlienVault OTX,2026-01-18T15:46:13.821473+00:00
IPv4,78.46.40.239,AlienVault OTX,2026-01-18T15:46:13.821473+00:00
IPv4,78.47.218.234,AlienVault OTX,2026-01-18T15:46:13.821473+00:00
IPv4,78.47.5.108,AlienVault OTX,2026-01-18T15:46:13.821473+00:00
IPv4,79.143.191.147,AlienVault OTX,2026-01-18T15:46:13.821473+00:00
IPv4,80.241.223.128,AlienVault OTX,2026-01-18T15:46:13.821473+00:00
IPv4,80.242.123.144,AlienVault OTX,2026-01-18T15:46:13.821473+00:00
IPv4,80.242.123.155,AlienVault OTX,2026-01-18T15:46:13.821473+00:00
IPv4,80.243.182.149,AlienVault OTX,2026-01-18T15:46:13.821473+00:00
IPv4,80.248.224.75,AlienVault OTX,2026-01-18T15:46:13.821473+00:00
IPv4,80.248.65.183,AlienVault OTX,2026-01-18T15:46:13.821473+00:00
IPv4,81.17.17.42,AlienVault OTX,2026-01-18T15:46:13.821473+00:00
IPv4,81.17.19.134,AlienVault OTX,2026-01-18T15:46:13.821473+00:00
IPv4,81.196.48.188,AlienVault OTX,2026-01-18T15:46:13.821473+00:00
IPv4,81.31.34.175,AlienVault OTX,2026-01-18T15:46:13.821473+00:00
IPv4,81.31.36.174,AlienVault OTX,2026-01-18T15:46:13.821473+00:00
IPv4,81.31.38.163,AlienVault OTX,2026-01-18T15:46:13.821473+00:00
IPv4,81.31.38.166,AlienVault OTX,2026-01-18T15:46:13.821473+00:00
IPv4,81.4.110.128,AlienVault OTX,2026-01-18T15:46:13.821473+00:00
IPv4,82.137.200.48,AlienVault OTX,2026-01-18T15:46:13.821473+00:00
IPv4,82.146.166.56,AlienVault OTX,2026-01-18T15:46:13.821473+00:00
IPv4,82.146.166.62,AlienVault OTX,2026-01-18T15:46:13.821473+00:00
IPv4,82.146.174.58,AlienVault OTX,2026-01-18T15:46:13.821473+00:00
IPv4,82.151.131.129,AlienVault OTX,2026-01-18T15:46:13.821473+00:00
IPv4,82.163.78.188,AlienVault OTX,2026-01-18T15:46:13.821473+00:00
IPv4,82.221.100.55,AlienVault OTX,2026-01-18T15:46:13.821473+00:00
IPv4,82.221.100.60,AlienVault OTX,2026-01-18T15:46:13.821473+00:00
IPv4,83.16.41.202,AlienVault OTX,2026-01-18T15:46:13.821473+00:00
IPv4,83.166.234.237,AlienVault OTX,2026-01-18T15:46:13.821473+00:00
IPv4,83.166.234.250,AlienVault OTX,2026-01-18T15:46:13.821473+00:00
IPv4,83.170.33.37,AlienVault OTX,2026-01-18T15:46:13.821473+00:00
IPv4,83.170.33.60,AlienVault OTX,2026-01-18T15:46:13.821473+00:00
IPv4,83.170.33.80,AlienVault OTX,2026-01-18T15:46:13.821473+00:00
IPv4,83.170.43.67,AlienVault OTX,2026-01-18T15:46:13.821473+00:00
IPv4,83.229.75.141,AlienVault OTX,2026-01-18T15:46:13.821473+00:00
IPv4,83.246.67.58,AlienVault OTX,2026-01-18T15:46:13.821473+00:00
IPv4,84.11.146.55,AlienVault OTX,2026-01-18T15:46:13.821473+00:00
IPv4,84.11.146.61,AlienVault OTX,2026-01-18T15:46:13.821473+00:00
IPv4,84.11.146.62,AlienVault OTX,2026-01-18T15:46:13.821473+00:00
IPv4,84.11.26.230,AlienVault OTX,2026-01-18T15:46:13.821473+00:00
IPv4,84.11.75.220,AlienVault OTX,2026-01-18T15:46:13.821473+00:00
IPv4,84.11.79.6,AlienVault OTX,2026-01-18T15:46:13.821473+00:00
IPv4,84.124.26.234,AlienVault OTX,2026-01-18T15:46:13.821473+00:00
IPv4,84.200.4.226,AlienVault OTX,2026-01-18T15:46:13.821473+00:00
IPv4,84.233.205.99,AlienVault OTX,2026-01-18T15:46:13.821473+00:00
IPv4,84.234.71.215,AlienVault OTX,2026-01-18T15:46:13.821473+00:00
IPv4,85.112.1.83,AlienVault OTX,2026-01-18T15:46:13.821473+00:00
IPv4,85.143.217.196,AlienVault OTX,2026-01-18T15:46:13.821473+00:00
IPv4,85.159.237.107,AlienVault OTX,2026-01-18T15:46:13.821473+00:00
IPv4,85.159.237.108,AlienVault OTX,2026-01-18T15:46:13.821473+00:00
IPv4,85.17.142.21,AlienVault OTX,2026-01-18T15:46:13.821473+00:00
IPv4,85.214.80.4,AlienVault OTX,2026-01-18T15:46:13.821473+00:00
IPv4,85.25.107.126,AlienVault OTX,2026-01-18T15:46:13.821473+00:00
IPv4,85.25.107.127,AlienVault OTX,2026-01-18T15:46:13.821473+00:00
IPv4,85.25.117.154,AlienVault OTX,2026-01-18T15:46:13.821473+00:00
IPv4,85.25.134.53,AlienVault OTX,2026-01-18T15:46:13.821473+00:00
IPv4,85.25.138.12,AlienVault OTX,2026-01-18T15:46:13.821473+00:00
IPv4,85.25.145.179,AlienVault OTX,2026-01-18T15:46:13.821473+00:00
IPv4,85.25.153.26,AlienVault OTX,2026-01-18T15:46:13.821473+00:00
IPv4,85.25.20.109,AlienVault OTX,2026-01-18T15:46:13.821473+00:00
IPv4,85.25.20.27,AlienVault OTX,2026-01-18T15:46:13.821473+00:00
IPv4,86.105.227.123,AlienVault OTX,2026-01-18T15:46:13.821473+00:00
IPv4,86.105.227.124,AlienVault OTX,2026-01-18T15:46:13.821473+00:00
IPv4,86.105.227.125,AlienVault OTX,2026-01-18T15:46:13.821473+00:00
IPv4,87.106.44.200,AlienVault OTX,2026-01-18T15:46:13.821473+00:00
IPv4,87.106.8.177,AlienVault OTX,2026-01-18T15:46:13.821473+00:00
IPv4,87.117.229.29,AlienVault OTX,2026-01-18T15:46:13.821473+00:00
IPv4,87.236.215.246,AlienVault OTX,2026-01-18T15:46:13.821473+00:00
IPv4,87.255.38.2,AlienVault OTX,2026-01-18T15:46:13.821473+00:00
IPv4,87.98.153.34,AlienVault OTX,2026-01-18T15:46:13.821473+00:00
IPv4,87.98.167.141,AlienVault OTX,2026-01-18T15:46:13.821473+00:00
IPv4,87.98.167.71,AlienVault OTX,2026-01-18T15:46:13.821473+00:00
IPv4,87.98.167.85,AlienVault OTX,2026-01-18T15:46:13.821473+00:00
IPv4,87.98.217.9,AlienVault OTX,2026-01-18T15:46:13.821473+00:00
IPv4,88.150.214.162,AlienVault OTX,2026-01-18T15:46:13.821473+00:00
IPv4,88.150.214.166,AlienVault OTX,2026-01-18T15:46:13.821473+00:00
IPv4,88.150.214.168,AlienVault OTX,2026-01-18T15:46:13.821473+00:00
IPv4,88.150.214.170,AlienVault OTX,2026-01-18T15:46:13.821473+00:00
IPv4,88.198.184.241,AlienVault OTX,2026-01-18T15:46:13.821473+00:00
IPv4,88.198.25.92,AlienVault OTX,2026-01-18T15:46:13.821473+00:00
IPv4,88.53.215.64,AlienVault OTX,2026-01-18T15:46:13.821473+00:00
IPv4,88.80.190.133,AlienVault OTX,2026-01-18T15:46:13.821473+00:00
IPv4,89.144.14.65,AlienVault OTX,2026-01-18T15:46:13.821473+00:00
IPv4,89.144.2.148,AlienVault OTX,2026-01-18T15:46:13.821473+00:00
IPv4,89.144.2.149,AlienVault OTX,2026-01-18T15:46:13.821473+00:00
IPv4,89.144.2.150,AlienVault OTX,2026-01-18T15:46:13.821473+00:00
IPv4,89.144.2.151,AlienVault OTX,2026-01-18T15:46:13.821473+00:00
IPv4,89.18.177.3,AlienVault OTX,2026-01-18T15:46:13.821473+00:00
IPv4,89.35.178.109,AlienVault OTX,2026-01-18T15:46:13.821473+00:00
IPv4,90.148.243.180,AlienVault OTX,2026-01-18T15:46:13.821473+00:00
IPv4,91.121.114.211,AlienVault OTX,2026-01-18T15:46:13.821473+00:00
IPv4,91.194.254.38,AlienVault OTX,2026-01-18T15:46:13.821473+00:00
IPv4,91.194.254.90,AlienVault OTX,2026-01-18T15:46:13.821473+00:00
IPv4,91.194.254.91,AlienVault OTX,2026-01-18T15:46:13.821473+00:00
IPv4,91.194.254.92,AlienVault OTX,2026-01-18T15:46:13.821473+00:00
IPv4,91.194.254.93,AlienVault OTX,2026-01-18T15:46:13.821473+00:00
IPv4,91.194.254.94,AlienVault OTX,2026-01-18T15:46:13.821473+00:00
IPv4,91.194.254.98,AlienVault OTX,2026-01-18T15:46:13.821473+00:00
IPv4,91.206.30.238,AlienVault OTX,2026-01-18T15:46:13.821473+00:00
IPv4,91.207.60.68,AlienVault OTX,2026-01-18T15:46:13.821473+00:00
IPv4,91.211.17.201,AlienVault OTX,2026-01-18T15:46:13.821473+00:00
IPv4,91.218.228.25,AlienVault OTX,2026-01-18T15:46:13.821473+00:00
IPv4,91.218.231.79,AlienVault OTX,2026-01-18T15:46:13.821473+00:00
IPv4,91.220.131.108,AlienVault OTX,2026-01-18T15:46:13.821473+00:00
IPv4,91.220.131.114,AlienVault OTX,2026-01-18T15:46:13.821473+00:00
IPv4,91.220.131.116,AlienVault OTX,2026-01-18T15:46:13.821473+00:00
IPv4,91.220.131.146,AlienVault OTX,2026-01-18T15:46:13.821473+00:00
IPv4,91.220.131.182,AlienVault OTX,2026-01-18T15:46:13.821473+00:00
IPv4,91.220.131.242,AlienVault OTX,2026-01-18T15:46:13.821473+00:00
IPv4,91.220.131.243,AlienVault OTX,2026-01-18T15:46:13.821473+00:00
IPv4,91.220.131.245,AlienVault OTX,2026-01-18T15:46:13.821473+00:00
IPv4,91.220.131.28,AlienVault OTX,2026-01-18T15:46:13.821473+00:00
IPv4,91.220.131.29,AlienVault OTX,2026-01-18T15:46:13.821473+00:00
IPv4,91.220.131.38,AlienVault OTX,2026-01-18T15:46:13.821473+00:00
IPv4,91.220.131.40,AlienVault OTX,2026-01-18T15:46:13.821473+00:00
IPv4,91.220.131.44,AlienVault OTX,2026-01-18T15:46:13.821473+00:00
IPv4,91.220.131.49,AlienVault OTX,2026-01-18T15:46:13.821473+00:00
IPv4,91.220.131.63,AlienVault OTX,2026-01-18T15:46:13.821473+00:00
IPv4,91.220.131.66,AlienVault OTX,2026-01-18T15:46:13.821473+00:00
IPv4,91.220.131.69,AlienVault OTX,2026-01-18T15:46:13.821473+00:00
IPv4,91.220.131.73,AlienVault OTX,2026-01-18T15:46:13.821473+00:00
IPv4,91.220.131.84,AlienVault OTX,2026-01-18T15:46:13.821473+00:00
IPv4,91.220.131.87,AlienVault OTX,2026-01-18T15:46:13.821473+00:00
IPv4,91.226.93.14,AlienVault OTX,2026-01-18T15:46:13.821473+00:00
IPv4,91.226.93.51,AlienVault OTX,2026-01-18T15:46:13.821473+00:00
IPv4,91.227.18.18,AlienVault OTX,2026-01-18T15:46:13.821473+00:00
IPv4,91.238.74.70,AlienVault OTX,2026-01-18T15:46:13.821473+00:00
IPv4,92.62.218.99,AlienVault OTX,2026-01-18T15:46:13.821473+00:00
IPv4,92.62.219.172,AlienVault OTX,2026-01-18T15:46:13.821473+00:00
IPv4,92.62.220.170,AlienVault OTX,2026-01-18T15:46:13.821473+00:00
IPv4,92.62.221.30,AlienVault OTX,2026-01-18T15:46:13.821473+00:00
IPv4,92.62.221.38,AlienVault OTX,2026-01-18T15:46:13.821473+00:00
IPv4,92.63.87.16,AlienVault OTX,2026-01-18T15:46:13.821473+00:00
IPv4,92.63.88.108,AlienVault OTX,2026-01-18T15:46:13.821473+00:00
IPv4,93.171.202.168,AlienVault OTX,2026-01-18T15:46:13.821473+00:00
IPv4,93.174.93.181,AlienVault OTX,2026-01-18T15:46:13.821473+00:00
IPv4,93.184.71.88,AlienVault OTX,2026-01-18T15:46:13.821473+00:00
IPv4,93.185.4.90,AlienVault OTX,2026-01-18T15:46:13.821473+00:00
IPv4,93.190.137.107,AlienVault OTX,2026-01-18T15:46:13.821473+00:00
IPv4,93.190.139.178,AlienVault OTX,2026-01-18T15:46:13.821473+00:00
IPv4,93.190.140.221,AlienVault OTX,2026-01-18T15:46:13.821473+00:00
IPv4,93.95.102.109,AlienVault OTX,2026-01-18T15:46:13.821473+00:00
IPv4,93.95.99.232,AlienVault OTX,2026-01-18T15:46:13.821473+00:00
IPv4,94.102.50.60,AlienVault OTX,2026-01-18T15:46:13.821473+00:00
IPv4,94.131.14.23,AlienVault OTX,2026-01-18T15:46:13.821473+00:00
IPv4,94.156.77.75,AlienVault OTX,2026-01-18T15:46:13.821473+00:00
IPv4,94.185.80.66,AlienVault OTX,2026-01-18T15:46:13.821473+00:00
IPv4,94.23.196.90,AlienVault OTX,2026-01-18T15:46:13.821473+00:00
IPv4,94.23.53.23,AlienVault OTX,2026-01-18T15:46:13.821473+00:00
IPv4,94.23.61.172,AlienVault OTX,2026-01-18T15:46:13.821473+00:00
IPv4,94.242.198.221,AlienVault OTX,2026-01-18T15:46:13.821473+00:00
IPv4,94.242.199.78,AlienVault OTX,2026-01-18T15:46:13.821473+00:00
IPv4,94.242.216.5,AlienVault OTX,2026-01-18T15:46:13.821473+00:00
IPv4,94.242.216.63,AlienVault OTX,2026-01-18T15:46:13.821473+00:00
IPv4,94.247.178.230,AlienVault OTX,2026-01-18T15:46:13.821473+00:00
IPv4,95.0.250.113,AlienVault OTX,2026-01-18T15:46:13.821473+00:00
IPv4,95.110.210.31,AlienVault OTX,2026-01-18T15:46:13.821473+00:00
IPv4,95.143.193.131,AlienVault OTX,2026-01-18T15:46:13.821473+00:00
IPv4,95.143.193.182,AlienVault OTX,2026-01-18T15:46:13.821473+00:00
IPv4,95.154.195.152,AlienVault OTX,2026-01-18T15:46:13.821473+00:00
IPv4,95.211.122.36,AlienVault OTX,2026-01-18T15:46:13.821473+00:00
IPv4,95.211.15.37,AlienVault OTX,2026-01-18T15:46:13.821473+00:00
IPv4,95.211.178.145,AlienVault OTX,2026-01-18T15:46:13.821473+00:00
IPv4,95.211.191.225,AlienVault OTX,2026-01-18T15:46:13.821473+00:00
IPv4,95.211.195.7,AlienVault OTX,2026-01-18T15:46:13.821473+00:00
IPv4,95.211.233.121,AlienVault OTX,2026-01-18T15:46:13.821473+00:00
IPv4,95.211.241.249,AlienVault OTX,2026-01-18T15:46:13.821473+00:00
IPv4,95.211.241.251,AlienVault OTX,2026-01-18T15:46:13.821473+00:00
IPv4,95.211.58.100,AlienVault OTX,2026-01-18T15:46:13.821473+00:00
IPv4,95.213.192.66,AlienVault OTX,2026-01-18T15:46:13.821473+00:00
IPv4,95.213.192.72,AlienVault OTX,2026-01-18T15:46:13.821473+00:00
IPv4,95.213.192.74,AlienVault OTX,2026-01-18T15:46:13.821473+00:00
IPv4,95.213.192.82,AlienVault OTX,2026-01-18T15:46:13.821473+00:00
IPv4,95.86.129.92,AlienVault OTX,2026-01-18T15:46:13.821473+00:00
IPv4,96.44.177.195,AlienVault OTX,2026-01-18T15:46:13.821473+00:00
IPv4,98.126.121.202,AlienVault OTX,2026-01-18T15:46:13.821473+00:00
IPv4,98.126.193.143,AlienVault OTX,2026-01-18T15:46:13.821473+00:00
IPv4,98.126.38.107,AlienVault OTX,2026-01-18T15:46:13.821473+00:00
IPv4,98.126.67.114,AlienVault OTX,2026-01-18T15:46:13.821473+00:00
IPv4,98.126.91.66,AlienVault OTX,2026-01-18T15:46:13.821473+00:00
IPv4,98.129.238.97,AlienVault OTX,2026-01-18T15:46:13.821473+00:00
